{
  "price_laptops": [
    {
      "id": "g1",
      "title": "Lightweight Laptop 14\"",
      "snippet": "Portable laptop, 16GB RAM",
      "url": "https://providerA/items/1",
      "price": 699.0,
      "rating": 4.4
    },
    {
      "id": "g2",
      "title": "Gaming Laptop 15\"",
      "snippet": "RTX graphics, 32GB RAM",
      "url": "https://providerA/items/2",
      "price": 1299.0,
      "rating": 4.7
    },
    {
      "id": "g3",
      "title": "Budget Laptop 13\"",
      "snippet": "8GB RAM, SSD 256GB",
      "url": "https://providerA/items/3",
      "price": 399.0,
      "rating": 3.9
    }
  ],
  "headphones": [
    {
      "id": "a1",
      "title": "Noise-Canceling Headphones",
      "snippet": "ANC over-ear",
      "url": "https://providerB/items/9",
      "price": 199.0,
      "rating": 4.6
    },
    {
      "id": "a2",
      "title": "Wireless Earbuds Pro",
      "snippet": "Water resistant",
      "url": "https://providerB/items/10",
      "price": 149.0,
      "rating": 4.2
    },
    {
      "id": "g2_dup",
      "title": "Gaming Laptop 15\"",
      "snippet": "RTX graphics, 32GB RAM",
      "url": "https://providerC/items/777",
      "price": 1299.0,
      "rating": 4.7
    }
  ]
}